{
  "train_loss": 0.012279748053035952,
  "val_loss": 0.007406644845524659,
  "overall_auc": 0.42819063904350624,
  "Aves_auc": 0.0,
  "Amphibia_auc": 0.42228581423525174,
  "Insecta_auc": 0.5907608695652173,
  "Mammalia_auc": 0.020725388601036232,
  "Reptilia_auc": 0.7616580310880828,
  "sc_val_auc": 0.0,
  "combined_auc": 0.42819063904350624
}